﻿Vendor,Tax ID,Address,City,Country
In Advantage Technologies,IT754893,Via del Colosseo,Roma,Italy
Copiers and More,RO874231,Strada Copiatoarelor 33,Brasov,Romania
Miditronic Technologies,FR322345,Avenue Lafarge 23,Grenoble,France
Softload Export,RO254678,Strada Lunga 189,Brasov,Romania
Megatronic Incorporated,RO345879,Strada Sperantei la parter,Bucuresti,Romania
Godmother Catering,RO123456,Strada Flamanda 45,Bucuresti,Romania
Blue Lagoon,FR329083,Avenue Foch 28,Paris,France
Purple Store,DE456232,Moven Strasse 44,Berlin,Germany
Clipboard Papers,RO657483,Strada Agrafei 67,Brasov,Romania
Technology Lake,DE763212,Hauptbahnhoff Strasse 21,Stuttgart,Germany
Volga Rivers,DE325476,Hoch Strasse 12,Koln,Germany
Red Communications,RU567434,Pobeda Ulitsa 21,Moscow,Russia
Telephone Systems,RO874232,Intrarea Telefoanelor 112,Bucuresti,Romania
Limited Adventure,FR121212,Avenue Marcheariere 18,Paris,France
Microtronic Enterprise,IT213456,Via Alta 32,Roma,Italy
IT Works,IT231232,Via Prossima 12,Torino,Italy
Green Restaurant,RO212121,Strada Verde 67,Iasi,Romania
Mecatronic Group,RO094782,Bulevardul Unirii 11,Iasi,Romania
