{"ProjectBreakpoints":"{\"Value\":{}}","ProjectWatches":"{\"Value\":[]}","OpenedDocuments":"[\"Framework/SetTransactionStatus.xaml\",\"System1/navigate_to_home.xaml\",\"System1/System1_Open.xaml\",\"Framework/InitAllApplications.xaml\",\"Framework/CloseAllApplications.xaml\",\"System1/System1_Close.xaml\",\"Framework/GetTransactionData.xaml\",\"System1/Get_all_vendors_data.xaml\",\"System1/Navigate_to_VendorPage.xaml\",\"System1/NavigateTo_VendorDetails_For_Tax_ID.xaml\",\"System1/Extract_Paticular_vendor_detail.xaml\",\"Process.xaml\",\"System1/Match_the_Values_of_Vendor_data.xaml\",\"Main.xaml\"]"}